workload,dataSize,sirannonOpsPerSec,postgresOpsPerSec,speedup,sirannonP50Ns,sirannonP99Ns,postgresP50Ns,postgresP99Ns,sirannonCV,postgresCV,pValue,ciLower,ciUpper,runs
batch-update,1000,17015.53,69.75,243.9531,58083,84625,14891750,29794491,0.3226,0.2047,0.000000,239.53,248.34,10
batch-update,10000,16250.10,68.53,237.1125,61042,74833,14963626,22364865,0.2570,0.1290,0.000000,233.11,241.30,10
