workload,dataSize,sirannonOpsPerSec,postgresOpsPerSec,speedup,sirannonP50Ns,sirannonP99Ns,postgresP50Ns,postgresP99Ns,sirannonCV,postgresCV,pValue,ciLower,ciUpper,runs
ycsb-a,1000,157202.76,7155.90,21.9683,6542,8375,138208,168333,3.7750,0.1023,0.000000,21.58,22.27,10
ycsb-a,10000,155188.00,7196.01,21.5658,6959,8959,139291,171958,6.0266,0.1161,0.000000,21.33,21.74,10
